[{"path":"\/icon.jpg","checksum":"a95ce1480105d39b65f56d23997702f8"},{"path":"\/preview.jpg","checksum":"fee9458c29cdccf10af7ec01155dc7f0"},{"path":"\/template\/addtuijian.html","checksum":"69a58050c7e3ba37ec20664f8f1631f2"},{"path":"\/template\/card.html","checksum":"13427489839a6c08b4116ac880af1a1e"},{"path":"\/template\/config.html","checksum":"7109ebf51c36034406e7c79538f9eb73"},{"path":"\/template\/editmember.html","checksum":"3d14e5d1087c1ec7ab05be454095e8ca"},{"path":"\/template\/edittuijian.html","checksum":"a5f134a1b78a77814a38a8e898a8a992"},{"path":"\/template\/edituser.html","checksum":"35481a013d69cfc6a30f14aebd12c036"},{"path":"\/template\/editvideo.html","checksum":"e41e6a98837c6723040d16f6f041baf8"},{"path":"\/template\/keyorder.html","checksum":"7a999fb24edf744a332306bee8b58fdb"},{"path":"\/template\/member.html","checksum":"f0a39dd4b949569f380e6de111f0e0e6"},{"path":"\/template\/order.html","checksum":"8625625199d17b74536630aea51dd6f8"},{"path":"\/template\/payconfig.html","checksum":"a41891986a750ec5cc5db6ec1078c627"},{"path":"\/template\/tuijian.html","checksum":"b64984c2ae1e0628a76259502a0a5a08"},{"path":"\/template\/user.html","checksum":"1d1f2c819569f89f6111f23538c86021"},{"path":"\/template\/video.html","checksum":"be7574772f6d728fb9116001d32b33f5"},{"path":"\/down.php","checksum":"4207617ee3a1edf1055b8d43dcfa808e"},{"path":"\/site.php","checksum":"46e80e9fcbe7097e21f1a84ecc95c982"},{"path":"\/upgrade.php","checksum":"df998a3494a7f95acbfafcaea539969f"},{"path":"\/wxapp.php","checksum":"48b861196d6a1edf20b6a938f4fbff94"}]